Type,Name,Request Count,Failure Count,Median Response Time,Average Response Time,Min Response Time,Max Response Time,Average Content Size,Requests/s,Failures/s,50%,66%,75%,80%,90%,95%,98%,99%,99.9%,99.99%,100%
POST,/api/auth/login,1000,0,7700.0,8788.697062299727,1978.8036000099964,17617.88340000203,197.0,1.666735646665522,0.0,7700,11000,12000,13000,15000,16000,16000,17000,18000,18000,18000
GET,/api/game/config/scenarios,2000,0,4300.0,4811.009375499944,2044.3906000000425,10406.481599988183,28960.0,3.333471293331044,0.0,4300,5400,6100,6600,7800,8700,9100,9300,10000,10000,10000
POST,/api/game/interact,51090,0,6200.0,6094.72137867687,1965.8518999931403,10303.524499991909,1656.1825601879036,85.15352418814152,0.0,6200,7300,7900,8100,8600,8900,9200,9400,9900,10000,10000
GET,/api/player/games,1000,0,4600.0,4954.926422799792,2262.445400003344,9785.529099986888,1470.0,1.666735646665522,0.0,4600,5600,6300,6800,8100,8600,8900,9100,9800,9800,9800
POST,/api/rooms/,2000,0,3800.0,4563.228189000172,1912.0448000030592,10038.36490001413,169.0,3.333471293331044,0.0,3800,5000,5800,6200,7500,8600,9000,9300,10000,10000,10000
POST,/api/sessions/,2000,0,3600.0,4464.822437199973,1987.5381999881938,9801.103400008287,269.0,3.333471293331044,0.0,3600,4900,5600,6100,7400,8600,9000,9200,9800,9800,9800
,Aggregated,59090,0,6000.0,5970.571310291121,1912.0448000030592,17617.88340000203,2455.19321374175,98.4874093614657,0.0,6000,7000,7800,8100,8600,9000,9300,9700,16000,17000,18000
